[{"family":"MaterialIcons","fonts":[{"asset":"fonts/MaterialIcons-Regular.otf"}]},{"family":"ArticoRegular","fonts":[{"asset":"assets/fonts/artico_regular.ttf"}]},{"family":"ArticoMedium","fonts":[{"asset":"assets/fonts/artico_medium.ttf"}]},{"family":"ArticoLight","fonts":[{"asset":"assets/fonts/artico_light.ttf"}]},{"family":"ArticoBold","fonts":[{"asset":"assets/fonts/artico_bold.ttf"}]},{"family":"packages/cupertino_icons/CupertinoIcons","fonts":[{"asset":"packages/cupertino_icons/assets/CupertinoIcons.ttf"}]}]